NAME,tem_mean,time,cooling_capacity,dow,precipitation,rh,wind_speed,datenum,mental_health,total_Pop,year,month
city_0,-9.406558228,1,-1.368047118,6,1.181576729,56.91689192,1.141026872,20220101,2,236731,2022,1
city_0,-13.27369995,2,-0.922087193,7,0.054748073,40.94150569,1.885998939,20220102,24,236731,2022,1
city_0,-12.00937805,3,-1.095523357,1,0,48.69271708,1.756119694,20220103,20,236731,2022,1
city_0,-14.84586792,4,-1.185510397,2,0,44.45512912,0.56710619,20220104,8,236731,2022,1
city_0,-12.20394974,5,-1.228595495,3,0,53.6912057,0.731615798,20220105,38,236731,2022,1
city_0,-12.58174057,6,-1.328951359,4,0,51.36489261,0.685642168,20220106,25,236731,2022,1
city_0,-8.016107941,7,-1.770720482,5,0,63.32827181,2.461254546,20220107,4,236731,2022,1
city_0,-8.695847321,8,-1.726137638,6,0.095229737,69.73430084,1.594310008,20220108,62,236731,2022,1
city_0,-11.63941879,9,-1.550545573,7,0,57.53502499,0.823910314,20220109,8,236731,2022,1
city_0,-13.54983978,10,-1.740053654,1,0.172684029,53.00606134,2.098218742,20220110,14,236731,2022,1
city_0,-16.6091156,11,-1.50585568,2,0,49.24177285,0.71532096,20220111,19,236731,2022,1
city_0,-16.80397491,12,-1.510459423,3,0,45.06682804,1.818397967,20220112,36,236731,2022,1
city_0,-14.00000153,13,-1.826928258,4,0,48.85310469,0.680161334,20220113,46,236731,2022,1
city_0,-11.14481964,14,-1.823024035,5,0,53.71163497,3.281215395,20220114,16,236731,2022,1
city_0,-9.301306152,15,-1.7700845,6,0.489376307,56.97427633,2.135792516,20220115,16,236731,2022,1
city_0,-13.31306305,16,-1.655586362,7,0.004166006,44.41558023,1.106512788,20220116,4,236731,2022,1
city_0,-15.08153992,17,-1.712910771,1,0.100088611,52.74043667,1.579589394,20220117,4,236731,2022,1
city_0,-16.00522614,18,-1.532446742,2,0.179213271,37.40641922,1.680965102,20220118,8,236731,2022,1
city_0,-13.47613983,19,-1.607708216,3,0.052428622,45.77245476,2.371316064,20220119,4,236731,2022,1
city_0,-15.29608154,20,-1.648558021,4,0,46.59694797,1.474350502,20220120,15,236731,2022,1
city_0,-12.57091522,21,-1.614047408,5,0,33.65024547,0.738687649,20220121,16,236731,2022,1
city_0,-10.31309052,22,-1.55128932,6,0.110606611,47.78957557,1.056244253,20220122,2,236731,2022,1
city_0,-11.06946106,23,-1.43668592,7,0,31.81069345,2.332006824,20220123,58,236731,2022,1
city_0,-10.36438293,24,-1.234563947,1,0,35.18216099,0.56901833,20220124,8,236731,2022,1
city_0,-10.50914383,25,-1.219826937,2,0,44.49361524,1.192795312,20220125,8,236731,2022,1
city_0,-11.53936081,26,-1.329444289,3,0,46.95562838,1.105924059,20220126,6,236731,2022,1
city_0,-13.17631378,27,-1.416920543,4,0,51.97165316,1.324776253,20220127,10,236731,2022,1
city_0,-12.9063858,28,-1.337513804,5,0,53.01982053,2.014840195,20220128,12,236731,2022,1
city_0,-13.70914307,29,-1.344495058,6,0,46.69984766,1.507225721,20220129,6,236731,2022,1
city_0,-12.60391922,30,-1.404620409,7,0,43.80285156,0.400081058,20220130,50,236731,2022,1
city_0,-10.05918808,31,-1.439578414,1,0.956569254,38.8988572,1.748565369,20220131,10,236731,2022,1
city_0,-12.68026047,32,-1.697494388,2,0.10985142,45.38142027,1.562121411,20220201,13,236731,2022,2
city_0,-13.46981049,33,-1.701333046,3,0,43.83419026,2.064024651,20220202,2,236731,2022,2
city_0,-13.85782471,34,-1.801561952,4,0,44.71797609,1.888285694,20220203,6,236731,2022,2
city_0,-13.91286163,35,-1.77576685,5,0,43.05491304,2.201067983,20220204,76,236731,2022,2
city_0,-13.52891083,36,-1.755824566,6,0,43.37633821,2.32333531,20220205,16,236731,2022,2
city_0,-10.41045074,37,-1.852681756,7,0,49.17591425,1.751272192,20220206,6,236731,2022,2
city_0,-10.39349747,38,-1.819405913,1,0,48.47240976,1.261706995,20220207,12,236731,2022,2
city_0,-8.435242462,39,-2.091263533,2,0,51.33734859,0.824801306,20220208,8,236731,2022,2
city_0,-5.778723526,40,-2.472927094,3,0,47.23866524,1.960317766,20220209,4,236731,2022,2
city_0,-4.900029755,41,-2.515052319,4,0,59.38901313,1.916166595,20220210,31,236731,2022,2
city_0,-6.645750427,42,-2.388373613,5,0,58.97666996,1.444600349,20220211,23,236731,2022,2
city_0,-8.231524658,43,-2.153564215,6,0.104879543,48.11047683,1.911479556,20220212,32,236731,2022,2
city_0,-9.939446259,44,-2.023732901,7,1.844108224,40.26517342,2.848647431,20220213,4,236731,2022,2
city_0,-12.73959198,45,-1.819203973,1,0.836336851,53.53212824,2.811536403,20220214,2,236731,2022,2
city_0,-15.84870911,46,-1.633967757,2,0,43.66466389,1.873836399,20220215,38,236731,2022,2
city_0,-14.12743225,47,-1.888287067,3,0,47.32797318,1.991937941,20220216,22,236731,2022,2
city_0,-12.01567535,48,-1.86284709,4,0,44.45038299,0.487321896,20220217,58,236731,2022,2
city_0,-7.972105408,49,-2.408056259,5,1.0710814,50.1869537,2.526707981,20220218,2,236731,2022,2
city_0,-13.4657486,50,-1.821968913,6,0,41.37032203,2.103498841,20220219,10,236731,2022,2
city_0,-12.82351227,51,-1.858903289,7,0.042297013,38.11399524,1.577731757,20220220,2,236731,2022,2
city_0,-13.4050827,52,-1.856936812,1,0.042297013,34.325409,2.390335768,20220221,6,236731,2022,2
city_0,-13.68545685,53,-1.829672098,2,0,39.54252049,1.061524634,20220222,8,236731,2022,2
city_0,-13.91578979,54,-1.834263563,3,0,36.27080038,1.677639635,20220223,28,236731,2022,2
city_0,-7.77628479,55,-2.2646873,4,0,42.88381574,2.479555008,20220224,35,236731,2022,2
city_0,-1.344732475,56,-4.013831139,5,0,57.51144495,3.246128428,20220225,37,236731,2022,2
city_0,-1.465716934,57,-3.459204197,6,0.009912106,39.96787647,2.378518216,20220226,24,236731,2022,2
city_0,-1.18801384,58,-3.921910048,7,0,35.16439402,1.437388852,20220227,8,236731,2022,2
city_0,-1.627488518,59,-3.030005455,1,2.995996475,46.24276428,0.872584253,20220228,60,236731,2022,2
city_0,-2.981537819,60,-4.164652348,2,0.155181125,36.28126233,1.803511616,20220301,12,236731,2022,3
city_0,-2.120956421,61,-4.116864681,3,0,31.91813517,2.443153874,20220302,4,236731,2022,3
city_0,-1.240668297,62,-4.483777046,4,0,30.0814705,3.02906232,20220303,16,236731,2022,3
city_0,-0.756398439,63,-4.767024994,5,0.100970231,32.52721221,3.641097664,20220304,4,236731,2022,3
city_0,-1.99985466,64,-4.576998711,6,0,25.96284305,3.827626658,20220305,31,236731,2022,3
city_0,-3.431552505,65,-4.682563782,7,0,25.30015987,0.490132771,20220306,4,236731,2022,3
city_0,0.152976155,66,-5.088922024,1,0,49.147753,1.51392896,20220307,2,236731,2022,3
city_0,2.410825729,67,-4.567451477,2,0,55.60891617,2.342657967,20220308,31,236731,2022,3
city_0,3.083018494,68,-4.196423531,3,0,46.75198243,2.970722245,20220309,4,236731,2022,3
city_0,4.910741425,69,-4.628400326,4,0,72.52338737,2.176566811,20220310,8,236731,2022,3
city_0,3.169779587,70,-3.85669446,5,0,28.68590577,1.147459982,20220311,72,236731,2022,3
city_0,1.550160122,71,-3.826043129,6,3.319720984,67.74065797,0.722059562,20220312,4,236731,2022,3
city_0,3.221044159,72,-4.206285,7,0.596523583,77.26601593,1.496329674,20220313,4,236731,2022,3
city_0,-0.349985218,73,-3.774603844,1,13.6800108,77.12619864,1.568657024,20220314,34,236731,2022,3
city_0,-0.336777377,74,-3.709094048,2,0.528879523,70.70944232,1.802932061,20220315,40,236731,2022,3
city_0,-1.061769962,75,-3.288857937,3,0,36.24137536,2.665870616,20220316,6,236731,2022,3
city_0,-5.727462006,76,-2.682607651,4,0,21.67322861,2.433644382,20220317,4,236731,2022,3
city_0,-4.288243103,77,-2.707606316,5,2.0900383,54.42772415,2.329202179,20220318,27,236731,2022,3
city_0,-2.022234154,78,-2.671043873,6,0.398407161,31.35352229,2.289773459,20220319,24,236731,2022,3
city_0,-1.438055134,79,-3.27639246,7,0,36.77865403,1.021428007,20220320,22,236731,2022,3
city_0,-1.673525238,80,-3.115321159,1,0.475718319,43.30631095,1.180868876,20220321,17,236731,2022,3
city_0,-0.105051351,81,-3.898285389,2,0,35.96660391,2.397652359,20220322,4,236731,2022,3
city_0,3.428911591,82,-4.348861217,3,0.083506294,69.2784207,3.067693954,20220323,21,236731,2022,3
city_0,5.409317017,83,-5.086762905,4,1.074448347,65.65919243,4.328735059,20220324,12,236731,2022,3
city_0,6.436922455,84,-5.645979881,5,8.303792953,83.22098205,0.296778958,20220325,8,236731,2022,3
city_0,5.742119217,85,-5.856626987,6,3.011923075,40.15176518,2.458989083,20220326,36,236731,2022,3
city_0,2.583018494,86,-4.726191044,7,0,33.65040985,2.101296753,20220327,19,236731,2022,3
city_0,5.607837677,87,-6.086604595,1,0,32.27194648,5.37705935,20220328,37,236731,2022,3
city_0,6.623861694,88,-5.685472012,2,8.491527557,71.03086801,1.579139495,20220329,16,236731,2022,3
city_0,3.889550781,89,-4.850092411,3,0.557434916,39.56582198,2.810074436,20220330,19,236731,2022,3
city_0,3.071261787,90,-4.895082951,4,0,40.67396971,1.262864388,20220331,2,236731,2022,3
city_0,3.213237381,91,-4.987334728,5,0,44.37355694,1.727618503,20220401,4,236731,2022,4
city_0,4.914543152,92,-5.576277256,6,0,49.81707686,2.210042208,20220402,18,236731,2022,4
city_0,8.74606781,93,-4.982375622,7,0,48.00333531,4.547170631,20220403,2,236731,2022,4
city_0,11.59474716,94,-4.309170246,1,0,53.85215685,5.673273388,20220404,31,236731,2022,4
city_0,7.390856171,95,-5.918486595,2,0,35.74207442,2.780577223,20220405,16,236731,2022,4
city_0,3.434311295,96,-5.669248581,3,0,37.07290582,1.123221589,20220406,42,236731,2022,4
city_0,5.574979401,97,-5.415074348,4,0,38.76322673,0.261419247,20220407,8,236731,2022,4
city_0,11.77236633,98,-3.72601366,5,0,61.87199979,5.259034821,20220408,22,236731,2022,4
city_0,14.05390472,99,-3.203879833,6,0,66.70921311,2.774706578,20220409,4,236731,2022,4
city_0,16.86438293,100,-4.432421207,7,0.00463413,60.08568593,4.841870449,20220410,49,236731,2022,4
city_0,14.73692322,101,-2.997648239,1,6.311449051,79.42230174,0.584630367,20220411,56,236731,2022,4
city_0,8.260439301,102,-5.075716019,2,1.176838875,49.99457492,2.752337303,20220412,29,236731,2022,4
city_0,7.639537048,103,-5.294360161,3,0,40.66220936,1.953011916,20220413,11,236731,2022,4
city_0,9.423686981,104,-4.157998562,4,0,48.80628061,1.633875732,20220414,12,236731,2022,4
city_0,9.477793884,105,-4.042312622,5,0,39.94510833,1.568778797,20220415,2,236731,2022,4
city_0,9.938230133,106,-2.699790955,6,0,46.52244853,1.377414042,20220416,4,236731,2022,4
city_0,10.6776207,107,-2.688459635,7,0,43.10975047,0.296569109,20220417,50,236731,2022,4
city_0,11.88023224,108,-3.094849586,1,0,46.8712076,1.339936922,20220418,4,236731,2022,4
city_0,16.74606628,109,-3.28496933,2,0,43.00836819,4.979482775,20220419,10,236731,2022,4
city_0,17.9841507,110,-3.168847799,3,0,49.60842597,5.989078485,20220420,26,236731,2022,4
city_0,16.62499237,111,-2.427970409,4,7.077020168,69.76534063,3.182019423,20220421,6,236731,2022,4
city_0,10.32240906,112,-2.788355589,5,0.403054148,51.71332551,1.30679258,20220422,4,236731,2022,4
city_0,14.01454315,113,-2.027690649,6,0,41.97119764,4.890439661,20220423,76,236731,2022,4
city_0,14.42891083,114,-2.046812057,7,0,56.67955798,1.21849622,20220424,29,236731,2022,4
city_0,16.10519714,115,-2.569679022,1,0.169189185,77.91339935,4.367460565,20220425,72,236731,2022,4
city_0,11.76580734,116,-3.072010517,2,0.141910985,43.5568948,3.279299237,20220426,40,236731,2022,4
city_0,7.968622589,117,-4.408633709,3,0,44.99539324,0.645917879,20220427,37,236731,2022,4
city_0,8.430218506,118,-3.876800776,4,0.268478721,49.39159361,0.992273424,20220428,28,236731,2022,4
city_0,11.09608078,119,-2.612549305,5,0.224913374,45.22605534,2.123933938,20220429,4,236731,2022,4
city_0,7.813237762,120,-4.073458672,6,0.009912106,51.92228146,1.779407626,20220430,22,236731,2022,4
city_0,8.306530762,121,-3.669140816,7,0.009912106,48.00150511,2.173033138,20220501,11,236731,2022,5
city_0,11.51579285,122,-3.234988451,1,0,43.48201544,1.894816392,20220502,8,236731,2022,5
city_0,18.84086914,123,-2.270249844,2,0,51.75992941,5.114183291,20220503,38,236731,2022,5
city_0,18.93953552,124,-2.326984167,3,0,53.06340847,6.039828311,20220504,49,236731,2022,5
city_0,19.81303406,125,-2.113616705,4,3.696136236,51.10753676,4.964178021,20220505,16,236731,2022,5
city_0,10.24609756,126,-1.741461158,5,3.707741976,48.38819531,2.104345393,20220506,39,236731,2022,5
city_0,11.33036728,127,-3.360065699,6,0,41.15960626,1.403263696,20220507,8,236731,2022,5
city_0,12.14066849,128,-2.867115974,7,0,45.77677972,1.51809632,20220508,46,236731,2022,5
city_0,14.09886932,129,-2.168991327,1,0,48.81451982,1.900324135,20220509,14,236731,2022,5
city_0,14.12368622,130,-1.841296554,2,0.488852084,54.45689805,3.6832829,20220510,14,236731,2022,5
city_0,10.28563309,131,-1.697508693,3,0.046681244,57.72289645,1.087546199,20220511,4,236731,2022,5
city_0,10.03936234,132,-1.848895907,4,0.046681244,45.33573856,0.407249559,20220512,2,236731,2022,5
city_0,12.08040695,133,-2.730920315,5,0.399906129,36.93581706,2.981506572,20220513,22,236731,2022,5
city_0,8.697328949,134,-2.578297615,6,0.308316201,49.60080979,1.71729277,20220514,2,236731,2022,5
city_0,13.58400726,135,-1.75772655,7,0.111111961,43.30207281,3.205784662,20220515,8,236731,2022,5
city_0,14.4539093,136,-1.114491463,1,0.226101145,45.43353291,1.099457247,20220516,20,236731,2022,5
city_0,17.13042145,137,-1.6548419,2,0,50.61957226,3.099095946,20220517,23,236731,2022,5
city_0,19.0070816,138,-1.145404577,3,0.004858876,53.94229801,1.406758691,20220518,4,236731,2022,5
city_0,19.48432617,139,-1.310380459,4,1.770825267,52.0787888,3.019750311,20220519,12,236731,2022,5
city_0,20.52519531,140,-1.440616846,5,0,52.98503708,2.855355606,20220520,22,236731,2022,5
city_0,21.45654449,141,-1.249555945,6,3.529723883,54.8211043,0.578518402,20220521,4,236731,2022,5
city_0,21.17274628,142,-1.183764577,7,0,46.65818426,0.542631504,20220522,14,236731,2022,5
city_0,22.03166809,143,-1.123057008,1,0.319208562,49.08093338,4.018536121,20220523,8,236731,2022,5
city_0,23.02371521,144,-1.037009835,2,18.40146255,55.55644715,3.037555612,20220524,18,236731,2022,5
city_0,14.35651703,145,-0.455116451,3,6.691469669,69.52734811,2.268569889,20220525,4,236731,2022,5
city_0,12.36304779,146,-1.117248178,4,5.585549831,87.65713906,2.162094881,20220526,15,236731,2022,5
city_0,16.46717072,147,-0.361483991,5,0.31336391,61.37814724,1.928223458,20220527,20,236731,2022,5
city_0,19.37631378,148,-0.579948187,6,0.001537965,54.05344931,4.247243925,20220528,22,236731,2022,5
city_0,19.42888336,149,-0.703591883,7,13.10988808,80.78305518,2.344898926,20220529,4,236731,2022,5
city_0,15.08673248,150,-0.373197317,1,2.125025749,57.96917035,1.723483483,20220530,8,236731,2022,5
city_0,15.43951111,151,-0.265949756,2,0.004858876,62.81490681,1.330420817,20220531,21,236731,2022,5
city_0,18.83210754,152,1.041522861,3,2.258382082,61.98521279,3.303055331,20220601,4,236731,2022,6
city_0,17.60017548,153,1.044262171,4,0,57.14882478,0.777458117,20220602,4,236731,2022,6
city_0,21.26998749,154,1.478769302,5,1.174474955,68.02457637,4.101460752,20220603,10,236731,2022,6
city_0,18.45671997,155,1.041557312,6,21.2380619,87.75646671,4.17781352,20220604,22,236731,2022,6
city_0,18.39346924,156,1.151842594,7,9.379777908,85.17619981,2.82741546,20220605,39,236731,2022,6
city_0,14.65538635,157,0.620410681,1,18.48348618,89.87429839,1.204552138,20220606,57,236731,2022,6
city_0,15.32891083,158,0.463935465,2,0.833323896,89.83377834,0.553288672,20220607,27,236731,2022,6
city_0,15.99477539,159,0.562843382,3,8.080664635,78.97517438,0.280680537,20220608,16,236731,2022,6
city_0,17.55259857,160,0.942770839,4,6.565807819,80.93687587,1.016242488,20220609,34,236731,2022,6
city_0,18.4014801,161,1.124971867,5,12.02861309,83.82902884,1.159290374,20220610,19,236731,2022,6
city_0,19.32777863,162,1.127111316,6,0.205417663,79.54798698,1.532585514,20220611,22,236731,2022,6
city_0,19.30409393,163,1.026688337,7,6.489951611,78.44381213,3.665365922,20220612,11,236731,2022,6
city_0,19.69608154,164,1.071786761,1,6.323246002,77.63652985,2.953988305,20220613,10,236731,2022,6
city_0,18.89085693,165,1.181310058,2,0.786394775,76.97192481,0.503107289,20220614,12,236731,2022,6
city_0,19.25390472,166,1.121496797,3,0.19721055,78.41412537,1.288585487,20220615,40,236731,2022,6
city_0,20.01044922,167,1.251812458,4,3.61560607,75.89371765,3.104654825,20220616,31,236731,2022,6
city_0,21.8475769,168,1.927964807,5,8.799479485,78.56802201,1.672906742,20220617,12,236731,2022,6
city_0,21.64476013,169,1.339698315,6,1.26973176,85.75760674,1.342317248,20220618,4,236731,2022,6
city_0,22.59346924,170,2.293624878,7,0.016745964,75.87024965,1.334513377,20220619,25,236731,2022,6
city_0,24.49085693,171,1.92382443,1,0.147223309,73.77617622,3.242242125,20220620,13,236731,2022,6
city_0,22.92107391,172,2.741349459,2,0.037974771,89.44491276,1.817176544,20220621,4,236731,2022,6
city_0,21.76716919,173,2.185619354,3,24.45289803,93.33179648,2.151307721,20220622,38,236731,2022,6
city_0,20.46714172,174,2.015446186,4,12.56835651,88.44628866,0.794508838,20220623,39,236731,2022,6
city_0,20.63019104,175,2.09552598,5,5.351064682,80.30008384,2.727359078,20220624,27,236731,2022,6
city_0,22.65129242,176,2.796965837,6,10.59150982,77.83546099,1.468941138,20220625,20,236731,2022,6
city_0,23.78693848,177,2.777024508,7,3.9818995,77.24639476,0.48988767,20220626,16,236731,2022,6
city_0,22.77500763,178,2.747600555,1,34.46640396,93.4094934,2.393280195,20220627,12,236731,2022,6
city_0,22.79869385,179,3.114471436,2,10.83084297,95.42635618,1.372924235,20220628,34,236731,2022,6
city_0,23.00522461,180,2.308654547,3,4.429909229,85.02072034,0.342102074,20220629,13,236731,2022,6
city_0,24.07892609,181,1.833959818,4,20.436903,82.60481477,1.125477291,20220630,26,236731,2022,6
city_0,23.11976776,182,1.908930659,5,32.74517822,92.60255926,2.168947674,20220701,16,236731,2022,7
city_0,23.49477539,183,2.222733259,6,16.14179611,93.36973483,2.972448453,20220702,4,236731,2022,7
city_0,24.44348297,184,1.782143474,7,0.032399893,83.96550313,2.359563635,20220703,10,236731,2022,7
city_0,24.78693695,185,1.360281706,1,0.141910985,81.70152463,1.580835172,20220704,11,236731,2022,7
city_0,24.8723938,186,0.793037176,2,0.015791843,81.97460293,1.597778682,20220705,4,236731,2022,7
city_0,23.79477539,187,2.183576107,3,38.19712448,89.73457663,1.914975741,20220706,2,236731,2022,7
city_0,22.69346924,188,2.006951571,4,59.97297287,92.24161735,0.542989952,20220707,48,236731,2022,7
city_0,24.8,189,2.186804771,5,0.369049788,79.80803759,1.989171536,20220708,8,236731,2022,7
city_0,24.19477539,190,1.79029727,6,0.037974771,83.25742977,0.291340526,20220709,2,236731,2022,7
city_0,23.09085693,191,1.713340044,7,6.791180134,83.60652925,1.462603315,20220710,35,236731,2022,7
city_0,23.96978302,192,2.95198679,1,0.364993304,74.22640477,0.910620536,20220711,35,236731,2022,7
city_0,24.32499237,193,2.829347134,2,4.360686779,74.82828067,1.821748634,20220712,30,236731,2022,7
city_0,23.26716919,194,2.603621006,3,19.12535667,85.77037111,0.708816303,20220713,43,236731,2022,7
city_0,22.55782318,195,2.165825844,4,19.71809578,82.31125388,2.095636452,20220714,61,236731,2022,7
city_0,21.19869385,196,0.764326632,5,10.86863136,90.4411707,1.846146114,20220715,10,236731,2022,7
city_0,22.74740143,197,2.333309412,6,1.778930664,84.62790848,1.55453504,20220716,7,236731,2022,7
city_0,22.39346924,198,2.068681717,7,22.90859413,90.17923497,0.653723067,20220717,43,236731,2022,7
city_0,22.72110291,199,2.234023571,1,5.347790241,88.56826618,0.920194428,20220718,8,236731,2022,7
city_0,23.16716919,200,2.016390085,2,0.331747025,82.68663333,0.666653549,20220719,23,236731,2022,7
city_0,23.71976776,201,2.311078548,3,1.835395932,84.68019077,0.784834056,20220720,35,236731,2022,7
city_0,21.9,202,2.629949808,4,11.27794838,92.61543821,1.265749194,20220721,2,236731,2022,7
city_0,24.81976776,203,2.498953104,5,0.426216573,78.88169019,1.553260574,20220722,19,236731,2022,7
city_0,22.37370148,204,2.675501347,6,17.58444023,87.76657489,1.276807008,20220723,8,236731,2022,7
city_0,23.27108917,205,2.9878335,7,1.514696479,83.07614009,1.2760638,20220724,11,236731,2022,7
city_0,24.89346924,206,1.530564785,1,0.228730351,80.56159761,2.381655872,20220725,2,236731,2022,7
city_0,26.09346924,207,2.236249685,2,0,77.79067249,1.209157409,20220726,4,236731,2022,7
city_0,25.80130615,208,1.975576997,3,0.434045732,78.16876662,1.384176402,20220727,21,236731,2022,7
city_0,25.6723938,209,2.086673975,4,9.549209595,81.62291967,2.853232357,20220728,4,236731,2022,7
city_0,24.04868011,210,1.409534335,5,21.08685493,88.47058981,3.400703042,20220729,27,236731,2022,7
city_0,25.09346924,211,1.143669724,6,0.751515329,84.38314867,1.727711592,20220730,34,236731,2022,7
city_0,26.11846313,212,1.816642404,7,1.150535583,84.71763048,1.173478931,20220731,59,236731,2022,7
city_0,26.71846313,213,2.348553896,1,0.975313544,83.06848103,0.218563895,20220801,40,236731,2022,8
city_0,27.62368774,214,2.241852522,2,1.98261416,82.24518666,0.601884159,20220802,4,236731,2022,8
city_0,26.32237854,215,2.277302504,3,5.981393814,84.59466521,1.531656003,20220803,10,236731,2022,8
city_0,26.79346924,216,2.111901999,4,2.52199626,81.71589969,3.590924434,20220804,22,236731,2022,8
city_0,25.37500763,217,2.951838255,5,8.97707653,89.6630906,1.418906463,20220805,29,236731,2022,8
city_0,25.91976929,218,3.552610397,6,2.131707191,76.73726431,1.391626059,20220806,13,236731,2022,8
city_0,23.27108917,219,3.098573923,7,26.2460537,94.41638123,0.141177994,20220807,59,236731,2022,8
city_0,23.21454315,220,3.350421906,1,0.195712924,68.65333073,1.296608498,20220808,8,236731,2022,8
city_0,21.24479065,221,1.103823543,2,0.095690593,70.12406898,2.027463943,20220809,25,236731,2022,8
city_0,22.26060944,222,2.909641504,3,1.373499274,70.63694901,2.401066092,20220810,25,236731,2022,8
city_0,21.71715546,223,1.643899918,4,0.402338564,82.46829882,1.41935361,20220811,4,236731,2022,8
city_0,21.19216156,224,1.313311815,5,13.45917416,83.45499923,0.871113855,20220812,38,236731,2022,8
city_0,22.07500763,225,3.215023756,6,0.434121877,81.67899767,0.459694175,20220813,26,236731,2022,8
city_0,20.91454315,226,1.3704983,7,28.72562981,80.13407991,2.000728094,20220814,36,236731,2022,8
city_0,20.29608154,227,1.166299224,1,17.84957695,86.28077652,2.283897417,20220815,4,236731,2022,8
city_0,21.6,228,1.380377889,2,0,76.09336399,1.800781261,20220816,18,236731,2022,8
city_0,21.89608154,229,3.237888336,3,0.362967402,74.52185728,1.274259015,20220817,43,236731,2022,8
city_0,23.3,230,3.730789185,4,13.43644428,75.51896508,3.727810803,20220818,24,236731,2022,8
city_0,20.38955078,231,1.23685956,5,18.26210022,84.7641996,1.366230614,20220819,19,236731,2022,8
city_0,19.53822937,232,0.405269444,6,0,70.58100109,0.085898873,20220820,10,236731,2022,8
city_0,21.21846161,233,1.509716988,7,1.681198478,67.36539161,3.855243268,20220821,31,236731,2022,8
city_0,18.30391846,234,0.047705881,1,6.773723602,85.40325144,1.137012191,20220822,8,236731,2022,8
city_0,17.91976776,235,0.197615966,2,0,70.34369649,1.409386814,20220823,2,236731,2022,8
city_0,18.4014801,236,-0.156431526,3,0.003075929,68.07250073,0.558536712,20220824,29,236731,2022,8
city_0,17.1408432,237,-0.653107762,4,2.546145201,73.49576989,0.993631507,20220825,20,236731,2022,8
city_0,13.89477539,238,-0.493990511,5,8.532718658,81.02282829,1.437980762,20220826,4,236731,2022,8
city_0,15.66194458,239,-0.418622106,6,0,72.24154103,0.715815258,20220827,14,236731,2022,8
city_0,16.66978302,240,-0.265496045,7,0.17165941,68.30964073,1.606368298,20220828,6,236731,2022,8
city_0,16.29477539,241,-0.357936054,1,2.349551201,83.2747864,2.099707378,20220829,20,236731,2022,8
city_0,18.07106018,242,0.368152678,2,0,75.75420885,0.371086467,20220830,6,236731,2022,8
city_0,19.08171234,243,-0.331992179,3,0.81970489,72.7697296,1.182655384,20220831,28,236731,2022,8
city_0,16.69085693,244,0.938347757,4,0,68.66844784,1.524674888,20220901,10,236731,2022,9
city_0,16.82107544,245,1.133346438,5,0,68.75000217,0.929046826,20220902,2,236731,2022,9
city_0,18.31454468,246,1.517345786,6,0,73.36486311,1.666804185,20220903,8,236731,2022,9
city_0,17.3408432,247,1.220705986,7,18.48334885,93.23126562,1.735747506,20220904,55,236731,2022,9
city_0,15.36716919,248,1.176548004,1,0.078408837,77.82624581,0.163329438,20220905,16,236731,2022,9
city_0,13.57628479,249,1.314445615,2,0,61.45800249,2.399108622,20220906,6,236731,2022,9
city_0,16.89346924,250,1.383857369,3,0,67.19456288,2.254155608,20220907,10,236731,2022,9
city_0,20.16325073,251,2.113965988,4,0,66.8439112,2.042287498,20220908,36,236731,2022,9
city_0,20.76714172,252,1.484365821,5,0,72.4543102,0.638401614,20220909,34,236731,2022,9
city_0,19.63561554,253,1.541137218,6,0,72.38353128,1.326202221,20220910,4,236731,2022,9
city_0,20.93431091,254,1.541097641,7,4.410443783,75.70748521,1.06006634,20220911,16,236731,2022,9
city_0,20.36716919,255,1.396112323,1,0,76.43780452,0.445794587,20220912,30,236731,2022,9
city_0,19.94214935,256,1.597273588,2,0,72.30482644,2.308365117,20220913,4,236731,2022,9
city_0,17.54737396,257,1.821198821,3,9.329192162,81.97025556,0.958900011,20220914,6,236731,2022,9
city_0,17.61846161,258,2.279701471,4,19.8995285,95.55202243,0.988019251,20220915,2,236731,2022,9
city_0,17.2723938,259,1.221844435,5,62.83179092,94.64183155,1.096108317,20220916,20,236731,2022,9
city_0,18.37892609,260,1.832544565,6,0.16351366,83.2462973,1.251832405,20220917,6,236731,2022,9
city_0,15.57907104,261,0.828387618,7,0,57.1578298,2.618171814,20220918,53,236731,2022,9
city_0,11.81056671,262,0.635475993,1,0,49.17644832,2.649320546,20220919,7,236731,2022,9
city_0,9.598693848,263,0.822799921,2,0.00206411,60.07830545,1.072930243,20220920,22,236731,2022,9
city_0,13.41065216,264,1.101288795,3,0,59.2452097,4.099048284,20220921,19,236731,2022,9
city_0,14.87108917,265,1.215060115,4,24.72806358,81.53745007,3.516940977,20220922,18,236731,2022,9
city_0,11.69477539,266,0.796663046,5,4.469050884,86.97135176,2.461363299,20220923,16,236731,2022,9
city_0,12.62499237,267,0.78932929,6,0,60.57119059,1.921779572,20220924,14,236731,2022,9
city_0,14.5697525,268,1.238503337,7,0,69.37007822,3.02147747,20220925,42,236731,2022,9
city_0,15.43152466,269,0.49331668,1,0,77.24730251,1.882484528,20220926,10,236731,2022,9
city_0,15.64066772,270,0.254528373,2,0,71.54417327,2.436816468,20220927,4,236731,2022,9
city_0,17.24737396,271,0.101214454,3,0,69.48570121,2.748156949,20220928,45,236731,2022,9
city_0,17.62235107,272,0.726547122,4,0,72.66843406,3.616348319,20220929,37,236731,2022,9
city_0,20.6276062,273,0.939950049,5,0.046766263,76.20776357,4.262558796,20220930,11,236731,2022,9
city_0,17.47108917,274,0.464292526,6,0,88.31546472,1.162979165,20221001,22,236731,2022,10
city_0,14.3355896,275,0.171532974,7,2.841198921,74.48286283,1.215554867,20221002,4,236731,2022,10
city_0,11.94069595,276,-0.258217037,1,4.633897305,77.75558224,4.025472441,20221003,50,236731,2022,10
city_0,5.231524658,277,-0.213054046,2,0,49.1616394,2.704516869,20221004,16,236731,2022,10
city_0,3.988244629,278,-0.353772819,3,0,58.35140593,0.220204922,20221005,10,236731,2022,10
city_0,3.523688507,279,-0.135927007,4,0,61.84427762,0.140011811,20221006,5,236731,2022,10
city_0,5.790856552,280,-0.07685113,5,0,51.09038164,2.18823383,20221007,38,236731,2022,10
city_0,10.79230728,281,0.057338968,6,1.755475879,59.42720337,4.276763722,20221008,8,236731,2022,10
city_0,8.424992371,282,-0.116748512,7,32.2066803,93.14802443,2.257242488,20221009,6,236731,2022,10
city_0,3.132828903,283,-0.46780178,1,4.423707962,78.20021918,2.274844261,20221010,27,236731,2022,10
city_0,4.875007248,284,-0.373196006,2,0,69.15397262,1.371883123,20221011,4,236731,2022,10
city_0,9.743482971,285,0.220504567,3,0,64.21342641,3.324830189,20221012,14,236731,2022,10
city_0,11.26191711,286,-0.244247764,4,0,77.70741048,2.338130019,20221013,40,236731,2022,10
city_0,10.42630005,287,-0.192084134,5,0,80.63768358,1.892120785,20221014,14,236731,2022,10
city_0,9.59210434,288,-0.321647972,6,0,67.95973935,0.967087778,20221015,68,236731,2022,10
city_0,6.892105865,289,-0.397230327,7,0,48.05380916,2.292192294,20221016,23,236731,2022,10
city_0,3.423686981,290,-0.51340723,1,0.012344189,62.60417884,1.598184518,20221017,17,236731,2022,10
city_0,2.394775391,291,-0.347337127,2,0,63.14983028,1.077461742,20221018,14,236731,2022,10
city_0,8.186937714,292,-0.520223141,3,0,61.81319034,3.483378745,20221019,18,236731,2022,10
city_0,11.53024673,293,-0.434363514,4,0,62.82105485,4.565384853,20221020,23,236731,2022,10
city_0,12.25146408,294,-0.434582889,5,0.368112803,73.34539772,1.702037844,20221021,33,236731,2022,10
city_0,6.354166031,295,-0.498967946,6,0.015791843,75.91495581,0.880027885,20221022,24,236731,2022,10
city_0,3.91846199,296,-0.520599842,7,0,55.11272322,1.489696322,20221023,10,236731,2022,10
city_0,3.983018494,297,-0.558928967,1,0,59.74144246,1.263756124,20221024,19,236731,2022,10
city_0,8.607837677,298,-0.665363789,2,0,62.05341104,4.665802934,20221025,46,236731,2022,10
city_0,10.85671997,299,-0.560531139,3,6.987782955,86.57530722,0.574144807,20221026,30,236731,2022,10
city_0,3.767113495,300,-0.784739733,4,0.153002709,65.93741707,2.324457888,20221027,15,236731,2022,10
city_0,3.410624313,301,-0.872554004,5,0,63.67879799,1.944270853,20221028,37,236731,2022,10
city_0,3.394775391,302,-0.771667302,6,0,68.40544285,1.343454561,20221029,24,236731,2022,10
city_0,6.079099655,303,-0.844293892,7,0.199638829,74.80949257,2.427386845,20221030,18,236731,2022,10
city_0,8.683018494,304,-0.954851866,1,4.725081444,74.36769345,1.619038519,20221031,20,236731,2022,10
city_0,1.814515114,305,-0.596235216,2,0.166802928,55.86702258,0.559321775,20221101,16,236731,2022,11
city_0,2.27631321,306,-0.803951621,3,0.174117908,52.97747898,1.458363907,20221102,10,236731,2022,11
city_0,-2.856545258,307,-0.580616415,4,0.006736165,46.67101177,1.532314883,20221103,23,236731,2022,11
city_0,-2.165688896,308,-0.45415315,5,0,60.49020953,1.745057687,20221104,2,236731,2022,11
city_0,-0.059128821,309,-0.305996776,6,,64.71620271,0.96619329,20221105,55,236731,2022,11
city_0,5.651322174,310,-0.907878935,7,2.078329086,73.03498044,2.386913043,20221106,74,236731,2022,11
city_0,3.814515305,311,-1.191809058,1,0.734221578,70.25694002,0.4561195,20221107,15,236731,2022,11
city_0,4.349811935,312,-1.044820547,2,0,58.34106632,3.266293746,20221108,16,236731,2022,11
city_0,8.290856171,313,-0.968339384,3,0.51488179,80.76054522,2.626620755,20221109,4,236731,2022,11
city_0,9.763250732,314,-0.830441177,4,0.776490688,86.21546372,1.481518985,20221110,4,236731,2022,11
city_0,9.03840332,315,-0.862034261,5,0.228094657,83.0464263,3.257054706,20221111,14,236731,2022,11
city_0,2.649986839,316,-0.796613336,6,24.87228012,85.54063381,4.095682999,20221112,11,236731,2022,11
city_0,-3.069579697,317,-0.491264939,7,0.053339016,66.99638081,1.214875922,20221113,47,236731,2022,11
city_0,-1.746094322,318,-0.563381612,1,0,74.58358678,1.366945087,20221114,30,236731,2022,11
city_0,1.347401714,319,-0.488732696,2,0,77.24008357,1.08969325,20221115,18,236731,2022,11
city_0,1.302613163,320,-0.531284809,3,0,69.1693368,2.095554908,20221116,14,236731,2022,11
city_0,5.689550781,321,-0.825523078,4,0,86.8283757,1.797603182,20221117,2,236731,2022,11
city_0,3.847373581,322,-0.801105678,5,0,74.47918339,1.66195089,20221118,25,236731,2022,11
city_0,5.625170517,323,-0.714054644,6,1.367614508,79.73708799,2.284325096,20221119,10,236731,2022,11
city_0,1.573701572,324,-0.594859123,7,0.723140597,65.54797703,1.193665194,20221120,24,236731,2022,11
city_0,0.499910784,325,-0.517741919,1,0.071925864,66.09836259,0.667099727,20221121,29,236731,2022,11
city_0,-1.341974068,326,-0.479915798,2,0,69.41570055,1.115332352,20221122,2,236731,2022,11
city_0,1.956545258,327,-0.507932186,3,0,82.16211511,0.537345253,20221123,35,236731,2022,11
city_0,4.34606781,328,-0.828575492,4,0.710690439,89.9896781,3.635957139,20221124,8,236731,2022,11
city_0,3.576605225,329,-0.639977217,5,9.602489471,50.09973353,3.247576473,20221125,39,236731,2022,11
city_0,-4.932858276,330,-0.34165588,6,0,31.20672191,1.221169905,20221126,6,236731,2022,11
city_0,-2.793294525,331,-0.477470249,7,13.40165234,80.11189293,1.813078767,20221127,25,236731,2022,11
city_0,-0.189577091,332,-0.4552176,1,10.78881645,78.05542323,2.382995155,20221128,10,236731,2022,11
city_0,-11.39294205,333,-0.647661388,2,0,25.62154421,4.223823781,20221129,4,236731,2022,11
city_0,-12.16830215,334,-0.583727956,3,0,25.58801877,3.336658769,20221130,8,236731,2022,11
city_0,-11.9446106,335,-1.043189645,4,0,27.08291472,2.254886223,20221201,20,236731,2022,12
city_0,-7.579129028,336,-1.403252959,5,1.36078763,46.30625485,3.174403104,20221202,11,236731,2022,12
city_0,-12.37239609,337,-1.162208796,6,0.152912095,27.55589315,2.211740415,20221203,13,236731,2022,12
city_0,-13.61306458,338,-1.096703768,7,0,34.82602702,1.75228415,20221204,12,236731,2022,12
city_0,-13.24368744,339,-0.901587665,1,0,41.41483517,2.38729113,20221205,27,236731,2022,12
city_0,-10.01474457,340,-1.090434909,2,0,36.49655412,2.977576631,20221206,44,236731,2022,12
city_0,-6.812133026,341,-1.474350929,3,0,41.60170338,2.213087878,20221207,12,236731,2022,12
city_0,-7.764787292,342,-1.460150599,4,0,49.57188205,1.743662145,20221208,4,236731,2022,12
city_0,-7.871289825,343,-1.485145807,5,0,47.76300134,1.514352711,20221209,2,236731,2022,12
city_0,-10.6617981,344,-0.892359436,6,0,50.06397107,1.259563706,20221210,13,236731,2022,12
city_0,-10.69349899,345,-0.964668512,7,0,47.56178962,1.301109694,20221211,25,236731,2022,12
city_0,-6.597441101,346,-1.299203992,1,0.271723986,43.86866239,2.515779639,20221212,2,236731,2022,12
city_0,-11.21175385,347,-0.949562788,2,0.349029154,25.00269242,3.670567168,20221213,24,236731,2022,12
city_0,-13.6117569,348,-0.840699852,3,0.006486277,32.34027397,1.205243345,20221214,41,236731,2022,12
city_0,-16.26978149,349,-0.515881717,4,0.020170439,32.68958066,1.571480426,20221215,34,236731,2022,12
city_0,-16.34086914,350,-0.52990973,5,0,42.30376407,1.483795802,20221216,33,236731,2022,12
city_0,-15.02089996,351,-0.975744426,6,0,35.04012479,2.728404255,20221217,8,236731,2022,12
city_0,-17.11567383,352,-0.697092474,7,0,43.44472428,1.650000002,20221218,72,236731,2022,12
city_0,-14.9774765,353,-1.018373251,1,0,53.38407682,1.502801374,20221219,40,236731,2022,12
city_0,-10.05302887,354,-1.166353106,2,2.761462688,65.21638075,2.973497056,20221220,22,236731,2022,12
city_0,-12.11314697,355,-1.036037087,3,1.013190031,69.42350338,2.598373563,20221221,14,236731,2022,12
city_0,-19.77631226,356,-0.805091143,4,0.07509581,57.56425192,3.265329174,20221222,18,236731,2022,12
city_0,-16.613237,357,-0.771367192,5,0.130813003,68.2723985,2.623828571,20221223,7,236731,2022,12
city_0,-15.24609528,358,-0.966556489,6,0,68.8224138,1.538117639,20221224,36,236731,2022,12
city_0,-15.57239532,359,-0.704514205,7,0,61.34862513,0.940486362,20221225,36,236731,2022,12
city_0,-15.3276062,360,-0.793528855,1,0,62.30765595,0.550237176,20221226,54,236731,2022,12
city_0,-15.63415985,361,-0.711156309,2,0.043544892,51.5569902,1.666056968,20221227,11,236731,2022,12
city_0,-16.48026123,362,-0.665732026,3,0.004166006,54.00010114,1.707473232,20221228,37,236731,2022,12
city_0,-15.26043549,363,-0.898307741,4,0,58.65063431,1.510266682,20221229,6,236731,2022,12
city_0,-13.18679199,364,-0.907508552,5,0,60.20170032,2.172620705,20221230,18,236731,2022,12
city_0,-12.13564529,365,-0.90746367,6,0,59.0417019,1.592756445,20221231,23,236731,2022,12
city_1,6.074481201,1,-0.766284525,6,0,65.98850344,1.291905349,20220101,3,145103,2022,1
city_1,6.007870865,2,-0.767290473,7,0,69.0963927,1.775636871,20220102,22,145103,2022,1
city_1,7.705979919,3,-0.632112026,1,0.358979642,59.31131582,1.503834422,20220103,22,145103,2022,1
city_1,7.464920044,4,-0.580785394,2,14.63553619,84.8342591,2.642272939,20220104,20,145103,2022,1
city_1,5.149162674,5,-0.484123915,3,4.272745609,76.25580861,3.632274468,20220105,19,145103,2022,1
city_1,5.257878494,6,-0.484123915,4,0.5030756,76.1526794,2.819301265,20220106,26,145103,2022,1
city_1,6.3,7,-0.450534403,5,0.17397882,73.95127528,1.628314397,20220107,41,145103,2022,1
city_1,5.664919662,8,-0.479492605,6,0.664565384,84.64481748,1.594497316,20220108,2,145103,2022,1
city_1,6.3,9,-0.450534403,7,0.017999606,79.23369043,0.443367434,20220109,15,145103,2022,1
city_1,5.856443405,10,-0.65330708,1,0.188899145,81.89541685,1.963967242,20220110,22,145103,2022,1
city_1,4.305283546,11,-0.63359952,2,0,85.20163558,1.231917468,20220111,27,145103,2022,1
city_1,4.375876617,12,-0.66843468,3,0.021543942,75.23266044,1.645242122,20220112,33,145103,2022,1
city_1,4.107281113,13,-0.676845312,4,0,56.39732724,2.804085303,20220113,14,145103,2022,1
city_1,4.250837326,14,-0.668698311,5,0.236898035,76.35738736,1.212256913,20220114,35,145103,2022,1
city_1,4.914322281,15,-0.68320328,6,0.042897359,78.22932757,0.103894316,20220115,10,145103,2022,1
city_1,7.594154358,16,-0.689264119,7,0.882168889,74.90820962,0.427659039,20220116,19,145103,2022,1
city_1,7.162895203,17,-0.72211653,1,0.43714869,72.47680888,1.971174653,20220117,12,145103,2022,1
city_1,5.691649246,18,-0.76265341,2,0,79.67348656,0.617785766,20220118,26,145103,2022,1
city_1,7.372916412,19,-0.715036094,3,0,84.20242821,1.692582231,20220119,24,145103,2022,1
city_1,6.222208405,20,-0.662684441,4,1.019854188,76.5501717,3.41927966,20220120,10,145103,2022,1
city_1,5.736880875,21,-0.639515042,5,5.989856243,88.05399968,2.475181581,20220121,9,145103,2022,1
city_1,4.001435089,22,-0.564357936,6,17.51971626,95.23761625,3.618866751,20220122,5,145103,2022,1
city_1,3.587112808,23,-0.51378274,7,11.97336674,92.44260738,3.905298909,20220123,27,145103,2022,1
city_1,3.192718887,24,-0.451566458,1,0.739924014,82.64271871,2.646615943,20220124,23,145103,2022,1
city_1,3.957878494,25,-0.470365584,2,7.556462288,89.56583651,1.598242125,20220125,4,145103,2022,1
city_1,4.270765686,26,-0.477095664,3,13.05643559,94.64183674,2.900131709,20220126,20,145103,2022,1
city_1,3.2,27,-0.413303256,4,6.730045319,90.02588334,3.616174208,20220127,18,145103,2022,1
city_1,1.7,28,-0.393501192,5,10.00757027,91.76915147,3.226422399,20220128,6,145103,2022,1
city_1,-18.1,29,-0.54228729,6,1.900479674,85.64035348,1.995055038,20220129,23,145103,2022,1
city_1,2.749402428,30,-0.444084525,7,0.12769714,78.4374365,0.64541377,20220130,5,145103,2022,1
city_1,3.743556595,31,-0.606286347,1,0.649861574,76.73716589,0.886602721,20220131,6,145103,2022,1
city_1,4.863484573,32,-0.650235534,2,1.862753391,75.15290965,2.17982471,20220201,10,145103,2022,2
city_1,2.770765686,33,-0.471298963,3,0.726331711,81.39040192,1.804337957,20220202,5,145103,2022,2
city_1,2.821603203,34,-0.477342129,4,0.040651936,80.4871419,0.406390345,20220203,2,145103,2022,2
city_1,3.49236908,35,-0.534608662,5,0,74.0651213,0.163891121,20220204,70,145103,2022,2
city_1,4.349162674,36,-0.628710389,6,0,72.13257428,2.528631171,20220205,34,145103,2022,2
city_1,4.079481888,37,-0.619287312,7,8.507237434,78.60161842,2.930946564,20220206,16,145103,2022,2
city_1,0.856443596,38,-0.480327636,1,10.70200825,86.13244265,3.292256755,20220207,8,145103,2022,2
city_1,2.112887192,39,-0.52764535,2,1.071689248,85.6589466,1.662428572,20220208,6,145103,2022,2
city_1,3.314322281,40,-0.515778959,3,0.665317118,80.7319634,0.850465091,20220209,24,145103,2022,2
city_1,3.856443405,41,-0.610839844,4,0.919443369,80.35988426,1.521664299,20220210,8,145103,2022,2
city_1,5.114322281,42,-0.626963377,5,0.366692334,88.16035215,1.485431901,20220211,12,145103,2022,2
city_1,4.732225418,43,-0.615066528,6,0.510813832,81.28832318,1.577871515,20220212,11,145103,2022,2
city_1,6.005606079,44,-0.629440367,7,0.287088007,77.86791793,0.297608452,20220213,2,145103,2022,2
city_1,5.450837326,45,-0.61539489,1,0,74.73316092,1.31763245,20220214,12,145103,2022,2
city_1,6.314212036,46,-0.615891814,2,0,72.8619849,1.994090865,20220215,4,145103,2022,2
city_1,6.205146027,47,-0.622572184,3,2.100550652,80.83555125,2.979077263,20220216,4,145103,2022,2
city_1,3.403821182,48,-0.504974127,4,7.964365005,87.54519618,3.668076404,20220217,16,145103,2022,2
city_1,1.6,49,-0.443251103,5,2.890414,80.62568935,3.813293821,20220218,8,145103,2022,2
city_1,3.057878685,50,-0.430049628,6,0.059465971,68.61650178,4.300098925,20220219,12,145103,2022,2
city_1,3.292958832,51,-0.467041045,7,0,62.37679758,1.541033824,20220220,13,145103,2022,2
city_1,4.335685349,52,-0.607485294,1,0.337133169,63.51978066,0.619954434,20220221,19,145103,2022,2
city_1,5.456443405,53,-0.608411014,2,3.29758811,77.70078201,0.885467312,20220222,25,145103,2022,2
city_1,4.764919662,54,-0.5742957,3,0.043882251,72.30104644,1.295285482,20220223,4,145103,2022,2
city_1,5.481396866,55,-0.618761957,4,0,68.63078748,1.576251072,20220224,20,145103,2022,2
city_1,6.871245575,56,-0.582895994,5,0,68.42569393,1.110238695,20220225,4,145103,2022,2
city_1,10.08532791,57,-0.519060969,6,0,73.83296773,0.813595638,20220226,10,145103,2022,2
city_1,11.36433029,58,-0.55900526,7,0,69.19230674,2.224443181,20220227,26,145103,2022,2
city_1,12.55168304,59,-0.469304442,1,0.12769714,79.6142727,1.505421826,20220228,4,145103,2022,2
city_1,11.9628952,60,-0.445587963,2,0.236423418,58.34637822,2.05685488,20220301,17,145103,2022,3
city_1,12.12864456,61,-0.445587963,3,0,64.02953032,1.300647487,20220302,4,145103,2022,3
city_1,13.91575775,62,-0.416899681,4,3.513233185,78.32566743,0.543662683,20220303,4,145103,2022,3
city_1,15.74355621,63,-0.408365458,5,0.759893417,74.24076207,0.490370929,20220304,21,145103,2022,3
city_1,16.45726471,64,-0.376809299,6,0.899101913,59.14505019,2.852671962,20220305,14,145103,2022,3
city_1,11.87793655,65,-0.430932403,7,6.630790234,79.13301242,2.801779152,20220306,22,145103,2022,3
city_1,11.16183395,66,-0.430932403,1,0.050933085,76.04741603,1.821543944,20220307,26,145103,2022,3
city_1,14.62303772,67,-0.393866718,2,0,68.5340645,2.8748373,20220308,35,145103,2022,3
city_1,16.9,68,-0.396675438,3,0.11530631,69.38142163,2.364577976,20220309,8,145103,2022,3
city_1,18.91719208,69,-0.219548374,4,0.000283763,72.28713462,1.429785758,20220310,4,145103,2022,3
city_1,20.45083771,70,-0.068484187,5,0,68.0788178,2.54361017,20220311,4,145103,2022,3
city_1,21.44918213,71,-0.053439222,6,0.391489327,74.19006707,2.744862513,20220312,29,145103,2022,3
city_1,23.21767273,72,0.190141231,7,0,77.96744618,2.142630728,20220313,10,145103,2022,3
city_1,20.36793518,73,0.042011023,1,1.053822756,85.70332436,2.569248813,20220314,20,145103,2022,3
city_1,21.11599731,74,0.017128272,2,0,80.56020585,1.493382495,20220315,34,145103,2022,3
city_1,20.60608521,75,-0.049366444,3,47.65076447,87.48519259,0.402078455,20220316,44,145103,2022,3
city_1,9.802170563,76,-0.066519402,4,7.474702358,75.77343678,5.742707736,20220317,10,145103,2022,3
city_1,8.428644562,77,-0.062820733,5,0.023081642,78.61869804,0.488886318,20220318,14,145103,2022,3
city_1,10.65383759,78,-0.066519402,6,0.50670433,82.38192496,4.1210662,20220319,21,145103,2022,3
city_1,7.076371765,79,-0.171525806,7,16.84710693,92.52114258,3.464437903,20220320,6,145103,2022,3
city_1,6.849402618,80,-0.13088356,1,42.80018997,92.7018626,4.109903541,20220321,2,145103,2022,3
city_1,7.407041168,81,-0.021480421,2,6.938319206,92.58214089,2.467515695,20220322,5,145103,2022,3
city_1,8.385327911,82,0.11166586,3,0,80.4350766,1.36541694,20220323,6,145103,2022,3
city_1,12.25644379,83,0.175867304,4,34.54369736,83.60253252,2.053319092,20220324,4,145103,2022,3
city_1,13.23460083,84,0.197314426,5,16.62468338,90.5871393,3.068852423,20220325,40,145103,2022,3
city_1,12.59856491,85,0.254217416,6,0.526529908,70.97589642,1.462541457,20220326,35,145103,2022,3
city_1,14.3286438,86,0.282250017,7,0.337886423,66.67896145,1.248895572,20220327,4,145103,2022,3
city_1,15.2856781,87,0.328344494,1,0,67.54851039,2.997964027,20220328,31,145103,2022,3
city_1,16.13460083,88,0.373518854,2,1.226385832,73.07827773,1.533145868,20220329,27,145103,2022,3
city_1,16.99391479,89,0.335440546,3,6.687527657,85.27857846,2.875789612,20220330,30,145103,2022,3
city_1,14.47076569,90,0.315003574,4,11.72827816,84.25050531,4.594891809,20220331,30,145103,2022,3
city_1,13,91,0.887388289,5,0.118171737,68.16042104,0.302129478,20220401,4,145103,2022,4
city_1,14.39152374,92,0.895861804,6,0,71.41190436,0.230674604,20220402,26,145103,2022,4
city_1,15.80023956,93,0.905740499,7,0,63.19690431,2.621862055,20220403,19,145103,2022,4
city_1,17.03507996,94,0.965255022,1,0.040572457,62.78744854,1.366953519,20220404,10,145103,2022,4
city_1,18.54940186,95,1.004921794,2,0.030660236,71.9062574,2.0759113,20220405,6,145103,2022,4
city_1,19.44212189,96,1.051296115,3,0,69.24181157,1.215841294,20220406,42,145103,2022,4
city_1,20.82279816,97,1.515305281,4,0,68.94516887,1.71340748,20220407,12,145103,2022,4
city_1,22.63007965,98,1.735279679,5,0,55.88453753,3.132741077,20220408,8,145103,2022,4
city_1,24.20119476,99,1.619113326,6,0,57.12710954,3.524060763,20220409,27,145103,2022,4
city_1,25.57363586,100,1.862618685,7,0,64.67870219,3.408777135,20220410,6,145103,2022,4
city_1,25.9143219,101,1.940648556,1,0,68.41743011,2.46215656,20220411,2,145103,2022,4
city_1,22.35192261,102,1.647065163,2,35.07211685,71.98803644,5.592888878,20220412,20,145103,2022,4
city_1,15.80728149,103,0.928150475,3,10.88548851,75.04994136,4.355159527,20220413,7,145103,2022,4
city_1,14.43007965,104,0.930840194,4,2.134068489,74.81858244,3.507594346,20220414,18,145103,2022,4
city_1,14.45335693,105,1.103909612,5,8.268407822,75.66071013,3.282690209,20220415,18,145103,2022,4
city_1,13.1276886,106,1.186171651,6,1.890540004,75.00316625,0.266488945,20220416,50,145103,2022,4
city_1,14.59295959,107,1.186171651,7,0.197750345,73.20760452,1.810535283,20220417,10,145103,2022,4
city_1,16.35083771,108,1.329514146,1,0,69.94684934,1.972216343,20220418,8,145103,2022,4
city_1,17.60502472,109,1.413133025,2,0,69.29497986,1.346309158,20220419,25,145103,2022,4
city_1,18.52160339,110,1.416975617,3,1.170433521,77.71224775,2.628393619,20220420,22,145103,2022,4
city_1,20.6581192,111,1.626291752,4,0,68.82528195,3.552654066,20220421,30,145103,2022,4
city_1,21.6143219,112,1.652804971,5,19.37759781,87.89313563,1.026301364,20220422,19,145103,2022,4
city_1,21.85083771,113,1.603392839,6,0.07373096,81.49645402,1.211397437,20220423,8,145103,2022,4
city_1,24.28424225,114,1.476357937,7,47.48151779,82.56919622,1.959947837,20220424,8,145103,2022,4
city_1,22.54322205,115,1.637584567,1,7.261203766,86.93889162,2.1902789,20220425,20,145103,2022,4
city_1,23.97170563,116,1.767972708,2,23.27549171,75.48592732,1.383797129,20220426,33,145103,2022,4
city_1,23.70084534,117,1.79561305,3,0.316278577,80.59899821,4.305859133,20220427,54,145103,2022,4
city_1,16.52973022,118,1.334708452,4,22.65115356,85.12566096,5.038461955,20220428,6,145103,2022,4
city_1,13.8,119,1.226569057,5,0.256367624,73.29138631,1.870874016,20220429,24,145103,2022,4
city_1,15.17948151,120,1.231967449,6,4.228148937,81.32418385,3.193020424,20220430,51,145103,2022,4
city_1,16.13449097,121,1.259802699,7,0.01234434,65.68637598,0.995105897,20220501,2,145103,2022,5
city_1,18.58508759,122,1.325762391,1,0,67.63087821,1.922117042,20220502,6,145103,2022,5
city_1,20.18091736,123,1.358896613,2,0,63.12018822,1.698620218,20220503,55,145103,2022,5
city_1,22.03031921,124,1.606023073,3,0,61.89528498,2.309718008,20220504,22,145103,2022,5
city_1,23.61695251,125,1.8707757,4,0,63.01360171,2.968199359,20220505,20,145103,2022,5
city_1,24.68378754,126,1.887851357,5,0.005286385,63.7453668,2.179319719,20220506,6,145103,2022,5
city_1,24.2856781,127,1.747032762,6,0.197139412,71.76139844,2.440589483,20220507,6,145103,2022,5
city_1,23.08904266,128,1.763110995,7,1.477858067,76.6981594,3.078171571,20220508,22,145103,2022,5
city_1,18.04212189,129,1.348670483,1,3.030409813,80.92261727,3.702179565,20220509,22,145103,2022,5
city_1,16.58604279,130,1.176625371,2,1.893669486,78.76570871,2.695455302,20220510,24,145103,2022,5
city_1,19.14916229,131,1.280477047,3,0.1646294,77.43490486,2.27023085,20220511,4,145103,2022,5
city_1,20.49271851,132,1.462625027,4,1.792986512,78.99344824,2.071582398,20220512,27,145103,2022,5
city_1,19.34320679,133,1.305969119,5,0.048829675,71.12095484,4.217278771,20220513,19,145103,2022,5
city_1,17.11456146,134,1.341611981,6,3.989743471,76.81251718,3.677993161,20220514,12,145103,2022,5
city_1,17.46933136,135,1.340945482,7,0.502832115,73.5258821,0.340161322,20220515,12,145103,2022,5
city_1,19.42184296,136,1.395867109,1,0,67.0128126,2.450327632,20220516,2,145103,2022,5
city_1,20.77220154,137,1.541635275,2,0,65.41309052,1.886518785,20220517,2,145103,2022,5
city_1,20.17220154,138,1.39304328,3,1.834361672,79.13465562,1.34342468,20220518,2,145103,2022,5
city_1,18.10728149,139,1.388966203,4,7.112056732,89.9042329,1.740326507,20220519,22,145103,2022,5
city_1,19.23449097,140,1.378465772,5,0.162280589,79.97584556,0.248063567,20220520,15,145103,2022,5
city_1,21.89271851,141,1.506821871,6,0,75.33295891,1.149958154,20220521,43,145103,2022,5
city_1,22.03592529,142,1.532828569,7,0.230164334,82.45922534,1.170310917,20220522,6,145103,2022,5
city_1,23.36515961,143,1.668372154,1,0,77.93011825,1.555364057,20220523,16,145103,2022,5
city_1,24.99271851,144,1.923342347,2,0.053035811,76.46465251,1.380049862,20220524,50,145103,2022,5
city_1,25.3286438,145,1.90039289,3,9.234514236,75.67922773,0.938322291,20220525,4,145103,2022,5
city_1,22.55620422,146,1.012557983,4,1.57011354,80.64831379,0.810816192,20220526,14,145103,2022,5
city_1,23.27780762,147,1.034707189,5,6.707901001,84.40559166,0.077461466,20220527,49,145103,2022,5
city_1,21.43424988,148,1.066508293,6,4.141620636,88.46551291,1.728987422,20220528,50,145103,2022,5
city_1,25.11456146,149,1.721530557,7,6.512885094,81.46765298,2.984541505,20220529,4,145103,2022,5
city_1,26.57948303,150,1.894574404,1,0.095611081,81.5199367,1.699166181,20220530,2,145103,2022,5
city_1,26.64355774,151,2.121540546,2,4.715741634,85.66487623,1.23611798,20220531,32,145103,2022,5
city_1,24.43592529,152,0.089582838,3,2.567882776,83.84536988,1.530230313,20220601,4,145103,2022,6
city_1,25.7143219,153,0.552084923,4,5.077751637,88.32135346,1.648043154,20220602,12,145103,2022,6
city_1,26.70704041,154,0.849200964,5,16.97583389,88.1599346,1.824070327,20220603,10,145103,2022,6
city_1,26.6,155,0.805518031,6,41.6640358,91.41381046,0.476499398,20220604,60,145103,2022,6
city_1,27.09271851,156,0.782236695,7,3.438341379,77.85742859,2.715497548,20220605,21,145103,2022,6
city_1,27.9478363,157,0.861314416,1,0,75.55827208,1.399894064,20220606,10,145103,2022,6
city_1,29.14916382,158,1.214785337,2,0,71.91574664,2.910620318,20220607,2,145103,2022,6
city_1,29.06492004,159,1.349220395,3,0,68.81304441,2.812498215,20220608,16,145103,2022,6
city_1,27.77076721,160,0.999162793,4,0.915034711,70.68559817,2.776075259,20220609,6,145103,2022,6
city_1,27.8,161,1.024056315,5,0.714259326,74.36483253,2.723113537,20220610,18,145103,2022,6
city_1,27,162,1.085109234,6,1.372033715,72.88563692,3.350108107,20220611,6,145103,2022,6
city_1,23.15644379,163,1.197047114,7,9.612623215,83.63435365,0.512087041,20220612,28,145103,2022,6
city_1,24.75644379,164,1.066051483,1,0.083904766,76.88623841,1.746066636,20220613,4,145103,2022,6
city_1,26.76372375,165,1.157927513,2,0,77.32481867,2.276446587,20220614,4,145103,2022,6
city_1,28.74212036,166,1.102387905,3,0,70.95259851,2.415833804,20220615,10,145103,2022,6
city_1,29.20501709,167,0.88988483,4,0,66.91067762,3.781112959,20220616,8,145103,2022,6
city_1,29.19295959,168,0.88988483,5,0.441456228,71.75587183,2.041893639,20220617,38,145103,2022,6
city_1,26.42160339,169,0.463199228,6,8.912786484,87.10039937,2.131285071,20220618,30,145103,2022,6
city_1,25.64212036,170,0.448662549,7,20.72780609,93.56047087,2.345630746,20220619,4,145103,2022,6
city_1,26.90024109,171,0.582025647,1,4.569007874,86.47904108,1.562339516,20220620,56,145103,2022,6
city_1,28.25644226,172,0.684325635,2,0.700567842,82.55029224,2.322037924,20220621,95,145103,2022,6
city_1,29.3143219,173,0.810192525,3,3.028938532,76.8501114,5.157533861,20220622,15,145103,2022,6
city_1,29.8143219,174,0.816889524,4,27.97991943,80.16686365,4.312621317,20220623,108,145103,2022,6
city_1,28.15243721,175,0.535120606,5,6.644411564,82.83224698,3.444828669,20220624,14,145103,2022,6
city_1,30.85811768,176,1.197071433,6,0,71.1718736,4.646283076,20220625,43,145103,2022,6
city_1,31.59295959,177,1.598493814,7,0,67.84544394,5.711886695,20220626,20,145103,2022,6
city_1,31.04940186,178,1.286844134,1,77.53633118,75.46629314,5.312810934,20220627,27,145103,2022,6
city_1,28.74916382,179,0.634913981,2,2.19284153,79.93913336,3.393811734,20220628,50,145103,2022,6
city_1,30.23507996,180,1.32220149,3,5.902280807,77.50583084,2.465843789,20220629,17,145103,2022,6
city_1,29.96539917,181,0.777071178,4,0.450743675,78.97675113,1.915871536,20220630,30,145103,2022,6
city_1,30.81599731,182,1.662117362,5,2.49668026,77.87669671,3.105605124,20220701,23,145103,2022,7
city_1,30.8,183,1.662117362,6,1.987834811,78.05924992,2.759023597,20220702,17,145103,2022,7
city_1,29.66337585,184,1.070806742,7,1.609145164,81.80482901,2.665159249,20220703,41,145103,2022,7
city_1,27.5308136,185,0.69076854,1,24.25683212,89.39969315,3.769484919,20220704,32,145103,2022,7
city_1,26.7,186,0.87498045,2,29.96860886,91.54429648,3.034303316,20220705,46,145103,2022,7
city_1,28.32303772,187,0.96829766,3,2.187959194,84.51874623,1.616702105,20220706,25,145103,2022,7
city_1,28.69404297,188,1.061126709,4,1.425161242,82.83191719,1.355269892,20220707,51,145103,2022,7
city_1,29.6143219,189,1.120352149,5,0.293076098,81.2983518,3.501599091,20220708,38,145103,2022,7
city_1,31.60167542,190,2.068125725,6,0.034896921,75.19424274,3.885687582,20220709,20,145103,2022,7
city_1,32.67220154,191,2.45460248,7,0,71.77873884,4.56428234,20220710,28,145103,2022,7
city_1,33.30728149,192,3.337147236,1,0,70.0262412,4.146489207,20220711,27,145103,2022,7
city_1,33.30728149,193,3.355832815,2,0,70.48590749,4.11695703,20220712,14,145103,2022,7
city_1,33.3,194,3.335666895,3,0,70.990219,3.596021695,20220713,20,145103,2022,7
city_1,33.07100525,195,3.335666895,4,0,70.40602939,3.28110905,20220714,6,145103,2022,7
city_1,33.2143219,196,3.332945347,5,0,68.19514621,3.623688866,20220715,13,145103,2022,7
city_1,32.88508911,197,3.284882545,6,18.41812897,75.46825418,2.603231231,20220716,4,145103,2022,7
city_1,28.59271851,198,1.467471242,7,12.32773876,88.91067373,1.980288997,20220717,2,145103,2022,7
city_1,29.11767273,199,1.542220354,1,0.256665796,78.79082081,0.235413606,20220718,10,145103,2022,7
city_1,28.49271851,200,1.017778397,2,47.4921608,85.47233204,1.481623542,20220719,14,145103,2022,7
city_1,27.40704041,201,0.669973969,3,33.49969482,91.8882052,1.446602091,20220720,26,145103,2022,7
city_1,28.9213623,202,1.227027655,4,0,81.9533298,2.410204744,20220721,32,145103,2022,7
city_1,31.77804565,203,3.005923748,5,1.056239963,74.07664654,3.208134088,20220722,24,145103,2022,7
city_1,27.3856781,204,0.68101716,6,2.657619953,81.16660033,0.766260108,20220723,14,145103,2022,7
city_1,29.77220154,205,1.720730662,7,0.040372353,80.85001061,1.393447631,20220724,14,145103,2022,7
city_1,32,206,3.325018883,1,1.754819274,74.83590441,2.575414287,20220725,25,145103,2022,7
city_1,28.87804565,207,1.444803834,2,10.49300575,80.44383078,1.904022878,20220726,16,145103,2022,7
city_1,30.6143219,208,2.447564602,3,1.097936153,78.01391008,0.972294023,20220727,14,145103,2022,7
city_1,27.90728149,209,0.75280869,4,3.607230186,88.05242543,1.971785634,20220728,14,145103,2022,7
city_1,29.2856781,210,1.465431094,5,0.498915434,80.18472104,2.170686655,20220729,4,145103,2022,7
city_1,29.77243958,211,1.387056708,6,0.089341596,76.50868471,1.828097899,20220730,25,145103,2022,7
city_1,29.95787964,212,1.377313972,7,0.024505749,73.90652063,0.818690479,20220731,59,145103,2022,7
city_1,31.40751953,213,2.858435154,1,0.657975972,72.57686554,1.016350425,20220801,5,145103,2022,8
city_1,32.22160339,214,3.204150677,2,0.021356599,73.91443192,1.217977863,20220802,2,145103,2022,8
city_1,32.60871582,215,3.402399063,3,2.47944212,75.90600762,1.59871915,20220803,6,145103,2022,8
city_1,32.32888489,216,3.224389076,4,0,73.73679608,1.964850453,20220804,55,145103,2022,8
city_1,33.19295959,217,3.206743479,5,0,63.47258067,2.990349039,20220805,10,145103,2022,8
city_1,32.52160339,218,3.389587164,6,0,60.98777857,3.408915814,20220806,46,145103,2022,8
city_1,33.12303772,219,3.280007601,7,0,59.87428561,3.688833276,20220807,4,145103,2022,8
city_1,33.70704041,220,3.150847435,1,0,59.79615688,3.071063497,20220808,8,145103,2022,8
city_1,33.58652344,221,3.142117739,2,0,61.23133699,2.253102782,20220809,23,145103,2022,8
city_1,33.30836487,222,3.193995476,3,0,58.3862672,2.366980479,20220810,32,145103,2022,8
city_1,33.37924194,223,3.198946238,4,0,58.22709202,2.502678273,20220811,10,145103,2022,8
city_1,33.83031921,224,3.192985296,5,0,55.99577496,3.464213213,20220812,6,145103,2022,8
city_1,33.12125244,225,3.09748292,6,0,54.58763045,3.223562509,20220813,6,145103,2022,8
city_1,33.67948303,226,3.170351982,7,0,54.16996468,3.344855509,20220814,17,145103,2022,8
city_1,33.67948303,227,3.163736582,1,0.888022304,60.72182069,2.755842991,20220815,14,145103,2022,8
city_1,33.8143219,228,3.197048903,2,0.681082904,60.27853086,1.399421714,20220816,41,145103,2022,8
city_1,33.40728149,229,3.203592777,3,0.295816928,61.6897832,2.041301694,20220817,36,145103,2022,8
city_1,33.97220154,230,3.173267365,4,0,54.9714359,2.565163669,20220818,21,145103,2022,8
city_1,34.06659546,231,3.147792816,5,0,56.91654754,2.258883271,20220819,2,145103,2022,8
city_1,34.18652344,232,3.15480113,6,0,56.97707436,1.799812353,20220820,11,145103,2022,8
city_1,33.88091736,233,3.15480113,7,0,47.65081463,4.475473346,20220821,17,145103,2022,8
city_1,33.10108643,234,3.006797791,1,0,57.37772252,2.955693511,20220822,42,145103,2022,8
city_1,31.14916382,235,2.101361275,2,0.215934828,65.56549941,3.637389081,20220823,16,145103,2022,8
city_1,28.62936401,236,1.012394786,3,0.039253708,66.65823397,2.560059218,20220824,28,145103,2022,8
city_1,29.38593445,237,1.29635334,4,1.938995719,70.47858533,1.791109967,20220825,10,145103,2022,8
city_1,30.64379578,238,2.099121809,5,1.544540167,69.62995637,0.503439618,20220826,38,145103,2022,8
city_1,29.06372375,239,1.281664252,6,0.980503798,77.29235342,3.257711071,20220827,20,145103,2022,8
city_1,28.39069519,240,1.052567482,7,0.598006427,77.58452833,1.43345294,20220828,12,145103,2022,8
city_1,22.73592529,241,-0.485134929,1,19.12317848,79.62643124,3.959647546,20220829,20,145103,2022,8
city_1,21.84940186,242,-0.046172336,2,0.89409405,77.70418618,3.859255716,20220830,30,145103,2022,8
city_1,22.79295959,243,-0.198417813,3,0.374360859,71.25007838,3.243827008,20220831,12,145103,2022,8
city_1,24.05083771,244,0.586888731,4,0.01256044,74.4469706,2.82595385,20220901,4,145103,2022,9
city_1,25.5,245,1.596048117,5,0,59.27484379,4.060002061,20220902,22,145103,2022,9
city_1,25.93651428,246,1.571969628,6,0,54.74252461,3.915128394,20220903,27,145103,2022,9
city_1,26.76481018,247,1.477747679,7,0,62.93211891,3.1480952,20220904,4,145103,2022,9
city_1,27.37220154,248,1.91454792,1,0,63.16274654,1.55234896,20220905,4,145103,2022,9
city_1,28.43616638,249,2.090297222,2,0,57.09117371,1.713114315,20220906,30,145103,2022,9
city_1,28.76516113,250,2.18115139,3,0,53.23605246,2.595940916,20220907,8,145103,2022,9
city_1,29.06516113,251,2.156613588,4,0,49.85513513,2.330658858,20220908,19,145103,2022,9
city_1,28.01575623,252,2.09199667,5,0,52.97872936,2.436156325,20220909,6,145103,2022,9
city_1,27.66467896,253,2.068343401,6,0.049325507,59.11679593,2.070879717,20220910,20,145103,2022,9
city_1,27.90024109,254,2.022661448,7,0,56.09637255,2.563542344,20220911,12,145103,2022,9
city_1,27.61408081,255,1.953095675,1,0,51.97295985,2.790462373,20220912,10,145103,2022,9
city_1,27.20728149,256,1.844298124,2,0,51.74896105,3.829254569,20220913,6,145103,2022,9
city_1,26.77243958,257,1.429499149,3,0.030977992,55.94555139,3.844143613,20220914,19,145103,2022,9
city_1,25.65644226,258,1.785536647,4,0,62.60880948,2.628636534,20220915,22,145103,2022,9
city_1,26.5690918,259,1.63598752,5,0,58.89427096,1.915376859,20220916,13,145103,2022,9
city_1,27.64464111,260,2.23264575,6,0,53.84750375,1.999746793,20220917,14,145103,2022,9
city_1,28.46887512,261,2.388077736,7,0,51.26271063,3.322978143,20220918,11,145103,2022,9
city_1,28.30704041,262,2.315016031,1,0,44.51659119,3.636759766,20220919,10,145103,2022,9
city_1,24.82244873,263,1.665091276,2,0,46.84289422,4.207313077,20220920,26,145103,2022,9
city_1,21.45024719,264,1.1091851,3,0.283628345,63.62026852,1.783998093,20220921,10,145103,2022,9
city_1,21.29271851,265,1.105807781,4,0.220635056,70.41668454,1.351522377,20220922,14,145103,2022,9
city_1,22.65644379,266,1.150683165,5,0.030081362,46.31197559,2.727357252,20220923,12,145103,2022,9
city_1,20.92388306,267,1.156636357,6,0,52.29991481,2.294928324,20220924,6,145103,2022,9
city_1,20.68365326,268,1.163128257,7,0,63.13603762,1.597530511,20220925,0,145103,2022,9
city_1,22.07185059,269,1.302495837,1,0,58.16621917,1.502091845,20220926,12,145103,2022,9
city_1,23.70860596,270,0.798915207,2,0.01256044,54.17138573,2.727259261,20220927,14,145103,2022,9
city_1,21.57017517,271,0.937210262,3,0,68.17435138,0.928956303,20220928,2,145103,2022,9
city_1,22.26708984,272,1.060238123,4,0,62.66007703,1.433816743,20220929,23,145103,2022,9
city_1,27.1713562,273,2.153988361,5,0,58.15148874,1.987741755,20220930,26,145103,2022,9
city_1,30.36516113,274,1.63728106,6,0,48.15498823,3.572355594,20221001,20,145103,2022,10
city_1,31.52912292,275,1.72815001,7,0,48.45851531,4.378177005,20221002,6,145103,2022,10
city_1,31.86516113,276,1.621671319,1,0.146958217,53.05513539,1.353596105,20221003,31,145103,2022,10
city_1,19.10812683,277,0.708092809,2,0.572084129,73.4847673,6.687061745,20221004,41,145103,2022,10
city_1,12.20084534,278,0.698599935,3,5.249618053,86.07963995,4.425824984,20221005,44,145103,2022,10
city_1,11.2344902,279,0.675232112,4,14.60301399,91.32674084,4.187571208,20221006,18,145103,2022,10
city_1,12.28508759,280,0.730022728,5,2.37695384,88.34749417,1.475774245,20221007,41,145103,2022,10
city_1,13.8286438,281,0.727681339,6,12.3633585,91.92823943,1.118975257,20221008,16,145103,2022,10
city_1,15.57804718,282,0.719146669,7,0.348135293,50.76354513,3.904564621,20221009,40,145103,2022,10
city_1,12.95623932,283,0.725395799,1,0,52.96491653,1.686094349,20221010,23,145103,2022,10
city_1,15.1744812,284,0.724639297,2,0,56.75069707,2.249368317,20221011,69,145103,2022,10
city_1,15.21790314,285,0.724440515,3,0,59.63610536,2.239610141,20221012,22,145103,2022,10
city_1,16.36826935,286,0.736120284,4,0,63.39816107,1.990896933,20221013,27,145103,2022,10
city_1,18.44212189,287,0.720829844,5,0,62.35683077,2.889307063,20221014,2,145103,2022,10
city_1,18.65944366,288,0.74070251,6,0,60.23879463,2.76503057,20221015,34,145103,2022,10
city_1,20.34548645,289,0.837683082,7,0,50.704879,4.31300029,20221016,72,145103,2022,10
city_1,19.19525452,290,0.742105782,1,0,53.04814991,5.159294081,20221017,16,145103,2022,10
city_1,16.2126709,291,0.609197974,2,0,45.9854904,3.226518461,20221018,40,145103,2022,10
city_1,14.94298248,292,0.626933753,3,0,44.93446883,3.377487486,20221019,12,145103,2022,10
city_1,17.09606934,293,0.597086668,4,0,51.86444971,2.469199209,20221020,16,145103,2022,10
city_1,18.27578125,294,0.613554776,5,0.12769714,64.28700565,0.515069827,20221021,14,145103,2022,10
city_1,18.52505493,295,0.613554776,6,0,48.54967803,3.262799945,20221022,24,145103,2022,10
city_1,19.99547882,296,0.60675776,7,0,53.78644853,2.604470526,20221023,14,145103,2022,10
city_1,19.08593292,297,0.322488338,1,0.053195134,38.9381392,3.326459426,20221024,41,145103,2022,10
city_1,18.76456909,298,0.268787265,2,0.448044747,46.88717646,3.106024472,20221025,32,145103,2022,10
city_1,16.96515961,299,0.258556455,3,2.201850176,72.53502158,3.14797148,20221026,22,145103,2022,10
city_1,15.2,300,0.257629007,4,1.510095,76.76768674,2.992326687,20221027,29,145103,2022,10
city_1,15.31373291,301,0.272232383,5,0.432941943,83.11655047,2.434982478,20221028,36,145103,2022,10
city_1,16.52077332,302,0.269717664,6,0.328093439,60.74934749,2.192263541,20221029,27,145103,2022,10
city_1,17.64355621,303,0.265045345,7,0.12769714,60.28568689,2.854288976,20221030,26,145103,2022,10
city_1,17.2010849,304,0.197833896,1,0,55.89946829,3.807685323,20221031,29,145103,2022,10
city_1,17.63879547,305,0.176256925,2,0,62.59557088,2.695036343,20221101,18,145103,2022,11
city_1,17.74727173,306,0.176256925,3,0,65.02876838,2.429526308,20221102,33,145103,2022,11
city_1,18.19798431,307,0.164524183,4,0,53.36333469,4.245823563,20221103,38,145103,2022,11
city_1,16.11575775,308,0.175161049,5,0,62.36033263,3.225938471,20221104,10,145103,2022,11
city_1,14.97374725,309,0.162364051,6,,59.1881877,2.567732326,20221105,45,145103,2022,11
city_1,16.25931396,310,0.162075475,7,0,62.10805606,1.705400161,20221106,48,145103,2022,11
city_1,16.95059814,311,0.151079074,1,0,63.38030983,2.141231585,20221107,14,145103,2022,11
city_1,18.59534912,312,0.125119075,2,0,56.68605488,3.026170694,20221108,56,145103,2022,11
city_1,19.21386719,313,0.133916423,3,0,62.60075323,1.819816783,20221109,22,145103,2022,11
city_1,21.70276947,314,0.275750637,4,0,58.51731194,2.854488284,20221110,8,145103,2022,11
city_1,20.74118195,315,0.089997955,5,2.01872015,66.55050151,2.119049053,20221111,8,145103,2022,11
city_1,15.90695496,316,0.020474171,6,0.192316338,61.22852763,5.979412286,20221112,6,145103,2022,11
city_1,12.20667114,317,-0.005352692,7,0.849009097,68.13674339,4.795403523,20221113,2,145103,2022,11
city_1,9.353707886,318,-0.124049515,1,1.405141115,78.7789337,0.956900087,20221114,10,145103,2022,11
city_1,11.79439392,319,-0.079642981,2,0.023156157,67.70220157,1.511418286,20221115,2,145103,2022,11
city_1,12.8,320,-0.03931471,3,0,84.28036292,0.848688201,20221116,27,145103,2022,11
city_1,13.26837921,321,-0.03931471,4,0,70.39103039,1.659058816,20221117,20,145103,2022,11
city_1,13.84355621,322,-0.03931471,5,4.796089172,85.10222124,2.063841602,20221118,47,145103,2022,11
city_1,15.08591766,323,-0.113638699,6,0.005920923,72.54510327,1.534652143,20221119,18,145103,2022,11
city_1,16.12018585,324,-0.11703372,7,0.039253708,72.19557555,2.328783753,20221120,33,145103,2022,11
city_1,14.85787811,325,-0.118329644,1,13.79218864,85.6014005,3.002615035,20221121,14,145103,2022,11
city_1,14.54331665,326,-0.097292677,2,0.458807021,85.56847512,3.597431643,20221122,8,145103,2022,11
city_1,13.34379578,327,-0.097292677,3,1.29887867,81.94421771,1.732799942,20221123,22,145103,2022,11
city_1,14.4963089,328,-0.103983417,4,0.060162723,78.45316945,0.736707086,20221124,50,145103,2022,11
city_1,15.5259079,329,-0.14583458,5,0.007592645,82.21643382,0.862733326,20221125,12,145103,2022,11
city_1,15.2581192,330,-0.1782289,6,0.119894437,81.96661383,2.332039439,20221126,35,145103,2022,11
city_1,15.14379578,331,-0.182524726,7,12.98063278,82.39836651,2.535785072,20221127,4,145103,2022,11
city_1,13.22124481,332,-0.193738535,1,11.09247112,86.86117903,5.574910226,20221128,8,145103,2022,11
city_1,8.492958832,333,-0.24315156,2,9.550501823,63.88168837,7.342527758,20221129,30,145103,2022,11
city_1,2.049162483,334,-0.204642996,3,1.546574235,36.05275046,5.524817627,20221130,26,145103,2022,11
city_1,0.736515284,335,-0.412238777,4,0.316049308,47.0267661,2.328783073,20221201,27,145103,2022,12
city_1,2.714322281,336,-0.416686893,5,0,69.19582208,0.725769657,20221202,6,145103,2022,12
city_1,5.156443405,337,-0.471120834,6,0.165753752,62.54872668,2.711449906,20221203,40,145103,2022,12
city_1,4.607281113,338,-0.433973193,7,3.065725088,86.37473515,3.904017701,20221204,41,145103,2022,12
city_1,4.678636551,339,-0.415087909,1,0.015616173,80.72757234,0.731409691,20221205,36,145103,2022,12
city_1,5.870765686,340,-0.47694689,2,0,76.04806866,1.03793522,20221206,8,145103,2022,12
city_1,6.947982788,341,-0.467402518,3,0,73.59649296,0.98634661,20221207,6,145103,2022,12
city_1,8.650597382,342,-0.509756804,4,0,70.2580113,1.115479293,20221208,21,145103,2022,12
city_1,8.272440338,343,-0.508177459,5,0,73.84606894,1.410639697,20221209,7,145103,2022,12
city_1,7.9,344,-0.508177459,6,0,58.7536788,4.680090062,20221210,7,145103,2022,12
city_1,5.234490204,345,-0.55471307,7,0,60.81517481,2.999539825,20221211,53,145103,2022,12
city_1,4.263724518,346,-0.530185819,1,0,63.15755319,0.834295136,20221212,27,145103,2022,12
city_1,5.578652191,347,-0.590483546,2,0,53.68648217,2.78314403,20221213,25,145103,2022,12
city_1,5.85598793,348,-0.55952251,3,0,60.09702634,2.458835561,20221214,6,145103,2022,12
city_1,7.823387909,349,-0.499502629,4,0.021515992,60.95880503,2.573259382,20221215,2,145103,2022,12
city_1,4.69236908,350,-0.502559602,5,0.167946681,59.26314996,5.239927582,20221216,18,145103,2022,12
city_1,2.914322281,351,-0.44833526,6,0,46.44305579,2.061364004,20221217,3,145103,2022,12
city_1,2.041276169,352,-0.515532136,7,0,56.05408047,2.350773148,20221218,8,145103,2022,12
city_1,5.470424652,353,-0.672074378,1,0,59.24869911,2.407845057,20221219,7,145103,2022,12
city_1,6.1,354,-0.673355222,2,0.005920923,66.35508798,1.465294129,20221220,36,145103,2022,12
city_1,7.011484528,355,-0.68910104,3,0,59.93581405,2.103082914,20221221,25,145103,2022,12
city_1,5.814322281,356,-0.692728162,4,0,51.31655261,2.830921,20221222,48,145103,2022,12
city_1,4.323038483,357,-0.658840299,5,0,60.70210726,2.24299277,20221223,44,145103,2022,12
city_1,6.012431335,358,-0.719148338,6,0,59.00031096,3.007248157,20221224,13,145103,2022,12
city_1,3.902531052,359,-0.555427611,7,0.01942238,48.4701073,2.824917994,20221225,36,145103,2022,12
city_1,5.014322281,360,-0.645946801,1,0,67.87130795,1.962986199,20221226,13,145103,2022,12
city_1,4.5,361,-0.551885545,2,1.096794009,77.1540966,2.356901491,20221227,32,145103,2022,12
city_1,4.393198776,362,-0.547761977,3,1.113724113,71.81034674,1.53632691,20221228,7,145103,2022,12
city_1,3.984132767,363,-0.548877895,4,0.351946414,63.2028827,0.895259283,20221229,54,145103,2022,12
city_1,4.28819809,364,-0.538479626,5,0.023081642,67.81155849,1.487583954,20221230,16,145103,2022,12
city_1,4.007281113,365,-0.54363513,6,0.047765218,70.5567883,1.170800755,20221231,18,145103,2022,12
